,,,,-1531528.835,,, 1.51 ," 74,35,693.35 "," 74,35,693.35 ", 1.11 , 2.00 ," 87,23,166.28 "," 87,23,166.28 ", 2.00 , -0.00 , -   , -0.00 ,," 24,81,094.00 "," 24,81,096.00 ",,
GL Code,GL Name,Item,Nature,Class,Main,Grouping, Balance jun 25 , Adjustment -DR , Adjustment -Cr , June 25 Balance in Lakhs after adjustment , Balance March 25 , Adjustment -DR , Adjustment -Cr , Balance in March 25 , Opening march 2024 , Adjustments ,Opening march 2024,,,,,
1000/00000,PAID UP CAPITAL,BS,Equity,Non-current liabilities,Equity,Share capital," (50,000)", -   , -   ," -50,000.00 "," (50,000)", -   , -   ," -50,000.00 "," -50,000.00 ", -   ," (50,000)",,,,,
1050/00000,RETAINED EARNINGS,BS,Equity,Equity,Equity,Retained earnings," (2,78,14,576)"," 7,90,065 "," 4,07,735 "," -2,74,19,358.91 "," (2,69,44,071)", -   , -   ," -2,69,38,262.18 "," -7,26,08,241.17 "," 2,42,048.42 "," (7,23,66,193)",,26938262,,,
1060/00000,DEFERRED TAX,BS,Liability,Non-current liabilities,Non Current liabilities,Deferred tax liabilities," (9,66,000)"," 7,99,000 ", -   ," -1,67,000.00 "," (9,66,000)"," 7,14,000 ", -   ," -2,52,000.00 "," -14,79,000.00 ", -   ," (14,79,000)",,,,,
2010/00000,FURNITURE & FITTING,BS,Assets,Non-current assets,Property plant and equipment,Furniture and Fittiings," 52,001 ", -   , -   ," 52,001.00 "," 52,001 ", -   , -   ," 52,001.00 "," 50,992.08 ", -   ," 50,992 "," 1,009 ",,,,
2010/00001,ACCUM. DEPRN. FURNITURE & FITTING,BS,Assets,Non-current assets,Property plant and equipment,Furniture and Fittiings AD," (28,422)", -   , -   ," -28,422.00 "," (27,122)", -   , -   ," -27,122.00 "," -21,987.33 ", -   ," (21,987)"," (5,135)",,,,
2020/00000,OFFICE EQUIPMENT,BS,Assets,Non-current assets,Property plant and equipment,Office equipment," 1,48,358 ", -   , -   ," 1,48,358.00 "," 1,48,358 ", -   , -   ," 1,48,358.00 "," 1,43,707.71 ", -   ," 1,43,708 "," 4,650 ",,,,
2020/00001,ACCUM. DEPRN. OFFICE EQUIPMENT,BS,Assets,Non-current assets,Property plant and equipment,Office equipment AD," (55,809)", -   , -   ," -55,809.00 "," (52,100)", -   , -   ," -52,100.00 "," -37,539.65 ", -   ," (37,540)"," (14,560)",,,,
2030/00000,TELECOMMUNICATION EQUIPMENT,BS,Assets,Non-current assets,Property plant and equipment,Office equipment," 2,015 ", -   , -   ," 2,015.00 "," 2,015 ", -   , -   ," 2,015.00 "," 2,014.85 ", -   ," 2,015 ", 0 ,,,,
2030/00001,ACCUM. DEPRN. TELECOMMUNICATION EQUIPMENT,BS,Assets,Non-current assets,Property plant and equipment,Office equipment AD," (1,946)", -   , -   ," -1,946.00 "," (1,936)", -   , -   ," -1,936.00 "," -1,813.00 ", -   ," (1,813)", (123),,,,
2040/00000,MOTOR VEHICLE,BS,Assets,Non-current assets,Property plant and equipment,Motor Vehicle," 2,02,596 ", -   , -   ," 2,02,596.00 "," 2,02,596 ", -   , -   ," 2,02,596.00 "," 2,02,595.50 ", -   ," 2,02,596 ", 1 ,,,,
2040/00001,ACCUM. DEPRN. MOTOR VEHICLE,BS,Assets,Non-current assets,Property plant and equipment,Motor Vehicle AD," (96,513)", -   , -   ," -96,513.00 "," (91,448)", -   , -   ," -91,448.00 "," -71,188.78 ", -   ," (71,189)"," (20,259)",,,,
2050/00000,LABORATORY EQUIPMENT,BS,Assets,Non-current assets,Property plant and equipment,Plant and machinery," 8,56,211 ", -   , -   ," 8,56,211.00 "," 8,56,211 ", -   , -   ," 8,56,211.00 "," 8,56,211.00 ", -   ," 8,56,211 ", -   ,,,,
2050/00001,ACCUM. DEPRN. LABORATORY EQUIPMENT,BS,Assets,Non-current assets,Property plant and equipment,Plant and machinery AD," (6,22,084)", -   , -   ," -6,22,084.00 "," (6,00,679)", -   , -   ," -6,00,679.00 "," -5,15,058.09 ", -   ," (5,15,058)"," (85,621)",,,,
2060/00000,RENOVATION,BS,Assets,Non-current assets,Property plant and equipment,Renovation," 1,56,678 ", -   , -   ," 1,56,678.00 "," 1,56,678 ", -   , -   ," 1,56,678.00 "," 1,56,677.95 ", -   ," 1,56,678 ", 0 ,,,,
2060/00001,ACCUM. DEPRN. RENOVATION,BS,Assets,Non-current assets,Property plant and equipment,Renovation-AD," (84,973)", -   , -   ," -84,973.00 "," (81,056)", -   , -   ," -81,056.00 "," -65,388.45 ", -   ," (65,388)"," (15,668)",,,,
2070/00000,REAGENT RENTAL INSTRUMENT,BS,Assets,Non-current assets,Property plant and equipment,Plant and machinery," 2,65,18,846 ", -   , -   ," 2,65,18,846.00 "," 2,63,53,351 ", -   , -   ," 2,63,53,351.00 "," 2,43,50,682.52 ", -   ," 2,43,50,683 "," 20,02,668 ",,,,
2070/00001,ACCUM. DEPRN. REAGENT RENTAL INSTRUMENT,BS,Assets,Non-current assets,Property plant and equipment,Plant and machinery AD," (1,61,77,270)"," 1,67,581 ", -   ," -1,60,09,689.00 "," (1,53,41,902)", -   , -   ," -1,53,41,902.00 "," -1,20,68,411.53 ", -   ," (1,20,68,412)"," (32,73,490)",,,,
2070/00002,IMPAIR - REAGENT RENTAL INSTRUMENT,BS,Assets,Non-current assets,Property plant and equipment,Plant and machinery Impairment," (36,10,547)", -   ," 1,67,581 "," -37,78,128.00 "," (36,10,547)", -   ," 1,67,581 "," -37,78,128.00 "," -20,87,901.95 ", -   ," (20,87,902)"," (16,90,226)",,,,
2080/00000,SIGNBOARD,BS,Assets,Non-current assets,Property plant and equipment,Office equipment," 2,610 ", -   , -   ," 2,610.00 "," 2,610 ", -   , -   ," 2,610.00 "," 2,610.00 ", -   ," 2,610 ", -   ,,,,
2080/00001,ACCUM. DEPRN. SIGNBOARD,BS,Assets,Non-current assets,Property plant and equipment,Office equipment AD," (1,930)", -   , -   ," -1,930.00 "," (1,865)", -   , -   ," -1,865.00 "," -1,603.81 ", -   ," (1,604)", (261),,,,
2090/00000,AIR CONDITIONER,BS,Assets,Non-current assets,Property plant and equipment,Office equipment," 26,537 ", -   , -   ," 26,537.00 "," 26,537 ", -   , -   ," 26,537.00 "," 24,736.87 ", -   ," 24,737 "," 1,800 ",,,,
2090/00001,ACCUM. DEPRN. AIR CONDITIONER,BS,Assets,Non-current assets,Property plant and equipment,Office equipment AD," (11,011)", -   , -   ," -11,011.00 "," (10,347)", -   , -   ," -10,347.00 "," -7,765.22 ", -   ," (7,765)"," (2,582)",,,,
2100/00000,MARKETING TOOL/EQUIPMENT,BS,Assets,Non-current assets,Property plant and equipment,Plant and machinery," 10,500 ", -   , -   ," 10,500.00 "," 10,500 ", -   , -   ," 10,500.00 "," 10,500.00 ", -   ," 10,500 ", -   ,,,,
2100/00001,ACCUM. DEPRN. MARKETING TOOL/EQUIPMENT,BS,Assets,Non-current assets,Property plant and equipment,Plant and machinery AD," (8,532)", -   , -   ," -8,532.00 "," (8,269)", -   , -   ," -8,269.00 "," -7,219.16 ", -   ," (7,219)"," (1,050)",,,,
2200/00000,COMPUTER & SOFTWARE,BS,Assets,Non-current assets,Property plant and equipment,Computer," 3,35,460 ", -   , -   ," 3,35,460.00 "," 3,23,760 ", -   , -   ," 3,23,760.00 "," 3,12,171.90 ", -   ," 3,12,172 "," 11,588 ",,,,
2200/00001,ACCUM. DEPRN. COMPUTER & SOFTWARE,BS,Assets,Non-current assets,Property plant and equipment,Computer-AD," (2,30,550)", -   , -   ," -2,30,550.00 "," (2,15,845)", -   , -   ," -2,15,845.00 "," -1,54,899.64 ", -   ," (1,54,900)"," (60,945)",,,,
2300/00000,LABORATORY - C101,BS,Assets,Non-current assets,Property plant and equipment,Plant and machinery," 4,66,813 ", -   , -   ," 4,66,813.00 "," 4,66,813 ", -   , -   ," 4,66,813.00 "," 4,66,812.70 ", -   ," 4,66,813 ", 0 ,,,,
2300/00001,ACCUM. DEPRN. LABORATORY - C101,BS,Assets,Non-current assets,Property plant and equipment,Plant and machinery AD," (1,15,649)", -   , -   ," -1,15,649.00 "," (1,03,978)", -   , -   ," -1,03,978.00 "," -57,525.64 ", -   ," (57,526)"," (46,452)",,,,
2400/00000,ENGINEER LABORATORY - C102,BS,Assets,Non-current assets,Property plant and equipment,Plant and machinery," 2,78,727 ", -   , -   ," 2,78,727.00 "," 2,75,027 ", -   , -   ," 2,75,027.00 "," 2,35,090.00 ", -   ," 2,35,090 "," 39,937 ",,,,
2400/00001,ACCUM. DEPRN. ENGINEER LABORATORY - C102,BS,Assets,Non-current assets,Property plant and equipment,Plant and machinery AD," (56,121)", -   , -   ," -56,121.00 "," (49,191)", -   , -   ," -49,191.00 "," -22,878.65 ", -   ," (22,879)"," (26,312)",,,,
3000/00000,TRADE DEBTORS,BS,Assets,Current Assets,Trade receivables,Trade Receivables considered good – unsecured," 39,93,704 "," 35,88,022 ", -   ," 70,27,186.58 "," 26,26,037 "," 40,39,483 ", -   ," 61,95,378.70 "," 61,35,583.62 ", -   ," 61,35,584 ",,,,,
3050/00000,MBB - 5123 5231 7891,BS,Assets,Current Assets,Cash and cash equivalents,-current accounts," 94,20,686 ", -   , -   ," 94,56,091.24 "," 1,03,38,456 ", -   , -   ," 1,03,78,015.72 "," 2,48,48,905.99 ", -   ," 2,48,48,906 ",,,,,
3050/00001,MBB - 5623 5754 5110,BS,Assets,Current Assets,Cash and cash equivalents,-current accounts, 68 , -   , -   , 68.00 , 68 , -   , -   , 68.00 , 78.00 , -   , 78 ,,,,,
3060/00000,UOB - 2603 0617 90,BS,Assets,Current Assets,Cash and cash equivalents,-current accounts," 1,00,000 ", -   , -   ," 1,00,000.00 "," 1,00,000 ", -   , -   ," 1,00,000.00 "," 1,00,000.00 ", -   ," 1,00,000 ",,,,,
3060/00001,UOB USD - 2609 0277 72,BS,Assets,Current Assets,Cash and cash equivalents,-current accounts," 24,26,547 ", -   ," 1,41,223 "," 22,85,323.71 "," 24,31,234 ", -   ," 22,259 "," 24,08,975.16 "," 5,98,001.39 ", -   ," 5,98,001 ",,,,,
3061/00000,UOB - SWEEP,BS,Assets,Current Assets,Cash and cash equivalents,-current accounts," 5,17,767 ", -   , -   ," 5,17,767.00 "," 3,75,226 ", -   , -   ," 3,75,226.00 "," 51,03,971.20 ", -   ," 51,03,971 ",,,,,
3080/00000,ALLOWANCE FOR IMPAIRMENT,BS,Assets,Current Assets,Trade receivables,"Unsecured, considered impaired"," (20,00,000)", -   , -   ," -20,00,000.00 "," (20,00,000)", -   , -   ," -20,00,000.00 "," -20,00,000.00 ", -   ," (20,00,000)",,,,,
3090/00000,ALLOWANCE FOR DOUBTFUL DEBTS,BS,Assets,Current Assets,Trade receivables,"Unsecured, considered impaired"," (3,43,208)", -   , -   ," -3,43,208.00 "," (3,43,208)", -   , -   ," -3,43,208.00 ", -   , -   , -   ,,,,,
3100/00000,INVESTMENT IN NEVOLUTION ENGINEERING,BS,Assets,Non-current assets,Investments,Investments in subsidiaries," 50,000 ", -   , -   , -   ," 50,000 ", -   , -   , -   ," 50,000.00 ", -   ," 50,000 ",,,,,
3100/P0001,OFFICE PETTY CASH,BS,Assets,Current Assets,Cash and cash equivalents,Cash on hand ," 2,824 ", -   , -   ," 2,824.00 "," 3,679 ", -   , -   ," 3,679.00 "," 4,156.35 ", -   ," 4,156 ",,,,,
3100/P0002,PETTY CASH - LOGISTIC,BS,Assets,Current Assets,Cash and cash equivalents,Cash on hand ," 1,000 ", -   , -   ," 1,000.00 "," 1,500 ", -   , -   ," 1,500.00 "," 1,500.00 ", -   ," 1,500 ",,,,,
3101/00000,AMOUNT OWING FROM MEDISAFE,BS,Assets,Current Assets,Other Financial Assets,Other recoverable (OFA-Current)," 1,56,849 ", -   ," 1,47,041 "," 9,808.00 "," 1,56,849 ", -   ," 1,47,041 "," 9,808.00 ", -   , -   , -   ,,,,,
3700/00000,STOCK,BS,Assets,Current Assets,Inventories,Traded goods," 96,19,925 ", -   ," 6,91,299 "," 89,28,626.10 "," 99,22,928 ", -   ," 5,92,725 "," 93,30,202.84 "," 90,53,628.32 ", -   ," 90,53,628 ",,,,,
3800/00000,AMOUNT OWING FROM CERVEAU TECH SB,BS,Assets,Current Assets,Other Financial Assets,Advances," 1,50,000 ", -   , -   ," 1,50,000.00 "," 1,50,000 ", -   , -   ," 1,50,000.00 "," 1,53,225.00 ", -   ," 1,53,225 ",,,,,
3B01/00000,BG-BON PELAKSANAAN (GOVT),BS,Assets,Current Assets,Other Financial Assets,Other deposit," 6,74,476 ", -   , -   ," 6,74,476.00 "," 5,11,364 ", -   , -   ," 5,11,364.00 "," 21,26,205.08 ", -   ," 21,26,205 ",,,,,
3D01/00001,DEPOSIT - SECURITY & UTILITY,BS,Assets,Current Assets,Other Financial Assets,Security deposits," 32,700 ", -   , -   ," 32,700.00 "," 32,400 ", -   , -   ," 32,400.00 "," 36,900.00 ", -   ," 36,900 ",,,,,
3D01/00002,OTHER DEPOSIT,BS,Assets,Current Assets,Other Financial Assets,Security deposits," 20,380 "," 1,47,041 ", -   ," 1,67,421.00 "," 20,380 "," 1,47,041 ", -   ," 1,67,421.00 "," 21,440.00 ", -   ," 21,440 ",,,,,
3D01/C0001,CHEW CHUI MUN (C-1-10),BS,Assets,Current Assets,Other Financial Assets,Security deposits," 4,500 ", -   , -   ," 4,500.00 "," 4,500 ", -   , -   ," 4,500.00 "," 4,500.00 ", -   ," 4,500 ",,,,,
3D01/D0001,DIMAC MARKETING (COPIER C-1-10),BS,Assets,Current Assets,Other Financial Assets,Security deposits," 1,200 ", -   , -   ," 1,200.00 "," 1,200 ", -   , -   ," 1,200.00 "," 1,200.00 ", -   ," 1,200 ",,,,,
3D01/J0001,JMC - KELANA SQUARE,BS,Assets,Current Assets,Other Financial Assets,Security deposits," 1,000 ", -   , -   ," 1,000.00 "," 1,000 ", -   , -   ," 1,000.00 "," 2,000.00 ", -   ," 2,000 ",,,,,
3D01/M0001,MUTIARA SAINTIFIK - BG FOR TENDER,BS,Assets,Current Assets,Other Financial Assets,Security deposits," 9,808 ", -   , -   ," 9,808.00 "," 9,808 ", -   , -   ," 9,808.00 "," 9,807.78 ", -   ," 9,808 ",,,,,
3D01/N0001,NLC GENERAL PEST CONTROL SDN BHD,BS,Assets,Non-current assets,Other Financial Assets,Security deposits," 1,200 ", -   , -   ," 1,200.00 "," 1,200 ", -   , -   ," 1,200.00 "," 1,200.00 ", -   ," 1,200 ",,,,,
3D01/T0001,TAN POH LEE (C-P-91),BS,Assets,Non-current assets,Other Financial Assets,Security deposits," 6,900 ", -   , -   ," 6,900.00 "," 6,900 ", -   , -   ," 6,900.00 "," 6,900.00 ", -   ," 6,900 ",,,,,
3D01/T0002,TENAGA NASIONAL BHD (C-1-09 & 10),BS,Assets,Current Assets,Other Financial Assets,Security deposits," 5,320 ", -   , -   ," 5,320.00 "," 5,320 ", -   , -   ," 5,320.00 "," 5,320.00 ", -   ," 5,320 ",,,,,
3D01/W0001,WEE KAI LI (C-1-09),BS,Assets,Non-current assets,Other Financial Assets,Security deposits," 4,500 ", -   , -   ," 4,500.00 "," 4,500 ", -   , -   ," 4,500.00 "," 4,500.00 ", -   ," 4,500 ",,,,,
3D01/W0002,WONG AH MOOI (G-C-71),BS,Assets,Non-current assets,Other Financial Assets,Security deposits," 3,000 ", -   , -   ," 3,000.00 "," 3,000 ", -   , -   ," 3,000.00 "," 3,000.00 ", -   ," 3,000 ",,,,,
3F02/00000,FD/BG ACCOUNT - 2623 5718 2553,BS,Assets,Current Assets,Other bank balances,Fixed deposits," 29,77,294 ", -   , -   ," 29,77,294.00 "," 30,84,893 ", -   , -   ," 30,84,893.00 "," 22,23,794.92 ", -   ," 22,23,795 ",,,,,
3I01/00000,INCOME TAX INSTALLMENT ,BS,Assets,Current Assets,Income tax assets (net),Income tax recoverable," 2,42,000 "," 6,46,675 "," 14,33,826 "," -5,45,151.00 "," 2,42,000 "," 3,35,270 "," 6,99,826 "," -1,22,556.00 "," 69,61,975.44 ", -   ," 69,61,975 ",,,,,
3P02/00000,PROVISION FOR EXPIRED STOCK,BS,Assets,Current Assets,Inventories,Provision for inventories," (28,22,981)", -   , -   ," -28,22,981.00 "," (28,22,981)", -   , -   ," -28,22,981.00 ", -   , -   , -   ,,6105645," 95,99,813.10 "," 34,94,168.10 ",
4000/00000,TRADE CREDITORS,BS,Liability,Current Liabilities,Trade Payables,Due to others," (23,02,753)"," 1,69,708 "," 35,95,522 "," -26,95,084.19 "," (25,15,298)"," 1,54,537 "," 40,39,483 "," -28,30,902.92 "," -13,44,195.08 ", -   ," (13,44,195)",,,,,
4002/00004,ACCRUAL - AUDIT FEE,BS,Assets,Current Liabilities,Other Current Liabilities,Other Payables, -   , -   , -   , -   ," (30,000)", -   , -   ," -31,200.00 "," -33,000.00 ", -   ," (33,000)",,,,,
4002/00005,ACCRUAL - STAFF PCB,BS,Assets,Current Liabilities,Other Current Liabilities,Other Payables," (26,627)", -   , -   ," -26,627.00 "," (27,402)", -   , -   ," -27,402.00 "," -53,008.73 ", -   ," (53,009)",,,,,
4002/00006,ACCRUAL - STAFF EPF,BS,Assets,Current Liabilities,Other Current Liabilities,Other Payables," (86,243)", -   , -   ," -86,243.00 "," (92,676)", -   , -   ," -92,676.00 "," -2,06,268.60 ", -   ," (2,06,269)",,,,,
4002/00007,ACCRUAL - STAFF SOCSO,BS,Assets,Current Liabilities,Other Current Liabilities,Other Payables," (5,116)", -   , -   ," -5,116.00 "," (5,266)", -   , -   ," -5,266.00 "," -4,745.90 ", -   ," (4,746)",,,,,
4002/00008,ACCRUAL - STAFF EIS,BS,Assets,Current Liabilities,Other Current Liabilities,Other Payables, (896), -   , -   , -896.00 , (923), -   , -   , -923.00 , -832.60 , -   , (833),,,,,
4004/00000,FOREIGN EXCHANGE GAIN/LOSS - UNREALISED,BS,Assets,Current Liabilities,Other Current Liabilities,Other Payables," 44,918 ", -   , -   ," 44,918.00 "," 44,918 ", -   , -   ," 44,918.00 "," 44,918.37 ", -   ," 44,918 ",,,,,
4005/00000,OTHER PAYABLE,BS,Assets,Current Liabilities,Other Current Liabilities,Other Payables," (44,918)", -   ," 78,819 "," -1,23,737.00 "," (44,918)", -   ," 1,03,746 "," -1,48,664.01 "," -44,918.37 ", -   ," (44,918)",,,,,
4010/00000,SUNDRY CREDITORS,BS,Liability,Current Liabilities,Trade Payables,Due to others," (63,819)", -   , -   ," -63,819.00 "," (94,998)", -   , -   ," -96,245.60 "," -1,22,250.09 ", -   ," (1,22,250)",,,,,
3900/00000,AMOUNT OWING FROM NEVOLUTION ENGINEERING SB,BS,Assets,Current Liabilities,Other current assets,Prepaid Expenses, -   , -   , -   , -   , -   , -   , -   , -   ," 4,308.40 ", -   ," 4,308 ",,,,,
3D01/A0001,ASWINAS HOLIDAYS SDN BHD,BS,Assets,Current Liabilities,Other current assets,Statutory dues payable, -   , -   , -   , -   , -   , -   , -   , -   , 600.00 , -   , 600 ,,,,,
3D01/H0001,HENG AIK HEANG (C-P-61 & 62),BS,Assets,Current Liabilities,Other current assets,Advances to suppliers, -   , -   , -   , -   , -   , -   , -   , -   ," 2,400.00 ", -   ," 2,400 ",,,,,
3F01/00000,FIXED DEPOSIT WITH BANKER,BS,Assets,Current Liabilities,Other Financial Assets,Interest accrued but not due on fixed deposits, -   , -   , -   , -   , -   , -   , -   , -   ," 1,00,00,000.00 ", -   ," 1,00,00,000 ",,,,,
4002/00003,ACCRUAL - BONUS/COMMISSION,BS,Assets,Current Liabilities,Other Current Liabilities,Other Payables," (7,622)", -   , -   ," -7,622.00 ", -   , -   , -   , -   ," -6,79,304.11 ", -   ," (6,79,304)",,,,,
5000/00000,SALES,PL,income,income,Revenue from Operations,Sale of products," (94,80,183)", -   , -   ," -94,80,183.00 "," (4,46,49,225)", -   , -   ," -4,46,49,225.00 "," -84,22,105.58 ", -   ," (84,22,106)",," -15,33,139.42 "," 15,31,531.00 "," -1,608.42 ",
5010/00000,RETURN INWARDS,PL,income,income,Revenue from Operations,Sale of products," 10,874 ", -   , -   ," 10,874.00 "," 2,28,706 ", -   , -   ," 2,28,706.00 "," 3,525.00 ", -   ," 3,525 ",,,,,
6000/00000,OPENING STOCK,PL,expenses,expenses,Purchases of Traded Goods,Purchase of traded goods," 3,01,29,424 ", -   , -   ," 3,01,29,424.00 "," 10,73,62,280 ", -   , -   ," 10,73,62,280.00 "," 91,38,635.20 ", -   ," 91,38,635 ",,,,,
6010/00000,PURCHASES,PL,expenses,expenses,Purchases of Traded Goods,Purchase of traded goods," 42,84,337 "," 98,574 ", -   ," 43,82,910.74 "," 2,33,10,029 "," 5,92,725 ", -   ," 2,39,02,754.16 "," 51,44,693.71 ", -   ," 51,44,694 ",,,,,
6011/00000,DEPRECIATION OF LAB EQUIPMENT,PL,expenses,expenses,Depreciation and Amortisation Expense,"Depreciation on property, plant and equipment (refer note 4)"," 8,56,774 ", -   ," 1,67,581 "," 6,89,193.00 "," 33,59,111 ", -   , -   ," 33,59,111.00 "," 8,34,112.59 ", -   ," 8,34,113 ",,,,,
6012/00000,PURCHASES RETURN,PL,expenses,expenses,Purchases of Traded Goods,Purchase of traded goods," 3,615 ", -   , -   ," 3,615.00 "," (5,043)", -   , -   ," -5,043.00 ", -990.00 , -   , (990),,,,,
6014/00000,TRANSPORT CHG (PRODUCT),PL,expenses,expenses,Purchases of Traded Goods,Purchase of traded goods," 26,550 ", -   , -   ," 26,550.00 "," 1,24,974 ", -   , -   ," 1,24,974.00 "," 24,667.40 ", -   ," 24,667 ",,,,,
6015/00000,CARRIAGE INWARD,PL,expenses,expenses,Purchases of Traded Goods,Purchase of traded goods," 2,55,426 ", -   , -   ," 2,55,426.00 "," 15,57,808 ", -   , -   ," 15,57,808.00 "," 3,39,526.35 ", -   ," 3,39,526 ",,,,,
6016/00000,PACKAGING MATERIAL,PL,expenses,expenses,Purchases of Traded Goods,Purchase of traded goods," 8,417 ", -   , -   ," 8,417.00 "," 31,792 ", -   , -   ," 31,792.00 "," 5,283.50 ", -   ," 5,284 ",,,,,
6018/00000,CUSTOM DUTY ,PL,expenses,expenses,Purchases of Traded Goods,Purchase of traded goods," 49,151 ", -   , -   ," 49,151.00 "," 2,49,152 ", -   , -   ," 2,49,152.00 "," 31,653.55 ", -   ," 31,654 ",,,,,
6019/00000,LAB SERVICE & COMMISSIONING FEE,PL,expenses,expenses,Purchases of Traded Goods,Purchase of traded goods," 1,98,487 ", -   , -   ," 1,98,487.00 "," 5,22,529 ", -   , -   ," 5,22,529.00 "," 92,338.01 ", -   ," 92,338 ",,,,,
6020/00000,CLOSING STOCK,PL,expenses,expenses,Purchases of Traded Goods,Purchase of traded goods," (2,98,26,421)", -   , -   ," -2,98,26,421.00 "," (10,82,31,580)", -   , -   ," -10,82,31,580.00 "," -90,53,628.32 ", -   ," (90,53,628)",,,,,
7000/00000,OTHER INCOME - OTHERS,PL,income,income,Other Income,other INCOME," (1,04,735)"," 1,04,335 ", -   , -400.00 ," (7,18,343)"," 6,85,356 ", -   ," -32,987.40 "," -1,39,800.45 ", -   ," (1,39,800)",,,,,
7000/00001,OTHER INCOME - INTEREST FROM BANK (UOB),PL,income,income,Other Income,Interest from bank," (12,895)", -   , -   ," -12,895.00 "," (87,779)", -   , -   ," -87,779.00 "," -8,893.17 ", -   ," (8,893)",,,,,
7100/00000,FOREIGN EXCHANGE GAIN / LOSS - REALISED,PL,income,income,Other Income,Foreign exchange income," (1,32,732)"," 1,18,964 "," 40,099 "," -53,866.17 "," (1,91,037)"," 22,259 "," 58,291 "," -2,27,068.93 "," 17,608.19 ", -   ," 17,608 ",,,,,
8000/00000,TAXATION,PL,expenses,expenses,Tax Expenses,Current Tax," 2,88,405 "," 7,34,000 "," 3,11,405 "," 7,11,000.00 "," 16,44,190 "," 13,10,080 "," 3,35,270 "," 26,19,000.00 "," 1,92,270.00 "," -2,40,730.00 "," (48,460)",,,,,
9A03/00000,ACCOMODATION (LOCAL/OVERSEAS),PL,expenses,expenses,Other Expenses,Accomodation," 17,437 ", -   , -   ," 17,437.00 "," 66,085 ", -   , -   ," 66,085.00 "," 11,330.41 ", -   ," 11,330 ",,,,,
9B01/00000,BANK CHARGES,PL,expenses,expenses,Other expenses,Bank charges," 3,309 ", -   , -   ," 3,309.00 "," 11,562 ", -   , -   ," 11,562.00 "," 3,915.05 ", -   ," 3,915 ",,,,,
9C04/00002,COMMITMENT CHARGES - EP,PL,expenses,expenses,Other expenses,Legal and professional expenses," 3,658 ", -   , -   ," 3,658.00 "," 24,614 ", -   , -   ," 24,614.00 "," 3,247.29 ", -   ," 3,247 ",,,,,
9D01/00000,DEPRECIATION,PL,expenses,expenses,Depreciation and Amortisation Expense,"Depreciation on property, plant and equipment (refer note 4)"," 48,297 ", -   , -   ," 48,297.00 "," 1,93,349 ", -   , -   ," 1,93,349.00 "," 48,350.70 ", -   ," 48,351 ",,,,,
9D01/00001,IMPAIRMENT OF ASSETS,PL,expenses,expenses,Depreciation and Amortisation Expense,impairment of assets,, -   , -   , -   ," 15,22,645 "," 1,67,581 ", -   ," 16,90,226.00 ",, -   , -   ,,,,,
9D02/00002,DIRECTOR'S SALARY,PL,expenses,expenses,Employee benefits expense,Salaries and wages," 2,07,000 ", -   , -   ," 2,07,000.00 "," 8,97,000 ", -   , -   ," 8,97,000.00 "," 2,07,000.00 ", -   ," 2,07,000 ",,,,,
9D02/00003,DIRECTOR'S ALLOWANCE,PL,expenses,expenses,Employee benefits expense,Salaries and wages," 22,500 ", -   , -   ," 22,500.00 "," 90,000 ", -   , -   ," 90,000.00 "," 22,500.00 ", -   ," 22,500 ",,,,,
9D02/00005,DIRECTOR'S EPF,PL,expenses,expenses,Employee benefits expense,Contributions to provident and other funds," 43,605 ", -   , -   ," 43,605.00 "," 1,87,530 ", -   , -   ," 1,87,530.00 "," 43,605.00 ", -   ," 43,605 ",,,,,
9D02/00006,DIRECTOR'S SOCSO,PL,expenses,expenses,Employee benefits expense,Contributions to provident and other funds," 1,250 ", -   , -   ," 1,250.00 "," 4,579 ", -   , -   ," 4,579.00 "," 1,039.80 ", -   ," 1,040 ",,,,,
9D02/00007,DIRECTOR'S EIS,PL,expenses,expenses,Employee benefits expense,Contributions to provident and other funds, 143 , -   , -   , 143.00 , 523 , -   , -   , 523.00 , 118.80 , -   , 119 ,,,,,
9D02/00010,DIRECTOR'S HRDF,PL,expenses,expenses,Employee benefits expense,"Salaries, wages and bonus"," 2,295 ", -   , -   ," 2,295.00 "," 9,180 ", -   , -   ," 9,180.00 "," 1,530.00 ", -   ," 1,530 ",,,,,
9D03/00000,DOCUMENTATION & FILLING,PL,expenses,expenses,Other Expenses,Legal and professional expenses, 703 , -   , -   , 773.00 ," 3,435 ", -   , -   ," 4,825.00 "," 1,120.00 ", -   ," 1,120 ",,,,,
9E01/00000,ENTERTAINMENT (NON STAFF),PL,expenses,expenses,Other Expenses,Advertising and sales promotion," 1,903 ", -   , -   ," 1,903.00 "," 8,755 ", -   , -   ," 8,755.00 ", 891.15 , -   , 891 ,,,,,
9E01/00001,ENTERTAINMENT (STAFF),PL,expenses,expenses,Other Expenses,Advertising and sales promotion," 3,404 ", -   , -   ," 3,404.00 "," 26,069 ", -   , -   ," 26,069.00 ", 727.00 , -   , 727 ,,,,,
9E03/00000,ELECTRICITY CHARGES,PL,expenses,expenses,Other Expenses,Power and fuel," 17,211 ", -   , -   ," 17,211.00 "," 72,885 ", -   , -   ," 72,885.00 "," 11,574.50 ", -   ," 11,575 ",,,,,
9I02/00000,ISO RELATED ,PL,expenses,expenses,Other Expenses,Legal and professional expenses," 13,750 ", -   , -   ," 13,750.00 "," 48,689 ", -   , -   ," 48,689.00 "," 23,350.00 ", -   ," 23,350 ",,,,,
9L01/00000,LICENSE FEE,PL,expenses,expenses,Other Expenses,Legal and professional expenses," 4,500 ", -   , -   ," 4,500.00 "," 2,439 ", -   , -   ," 2,439.00 ", -   , -   , -   ,,,,,
9M01/00001,MARKETING EXPENSES,PL,expenses,expenses,Other Expenses,Advertising and sales promotion," 1,252 ", -   , -   ," 1,252.00 "," 21,351 ", -   , -   ," 21,351.00 "," 7,308.63 ", -   ," 7,309 ",,,,,
9O01/00000,OPTICAL/DENTAL CLAIM,PL,expenses,expenses,Other Expenses,Insurance claim," 1,996 ", -   , -   ," 1,996.00 "," 11,226 ", -   , -   ," 11,226.00 "," 1,550.00 ", -   ," 1,550 ",,,,,
9P01/00000,PRINTING & STATIONERY,PL,expenses,expenses,Other Expenses,Printing and stationery," 4,624 ", -   , -   ," 4,750.00 "," 29,687 ", -   , -   ," 29,933.00 "," 10,220.60 ", -   ," 10,221 ",,,,,
9P03/00000,POSTAGE & COURIER,PL,expenses,expenses,Other Expenses,Printing and stationery, 13 , -   , -   , 13.00 , 321 , -   , -   , 381.00 , 360.97 , -   , 361 ,,,,,
9P05/00000,PETROL,PL,expenses,expenses,Other Expenses,Power and fuel," 5,947 ", -   , -   ," 5,947.00 "," 19,030 ", -   , -   ," 19,030.00 "," 3,253.61 ", -   ," 3,254 ",,,,,
9R01/00001,RENTAL - LOT.GC71,PL,expenses,expenses,Other Expenses,Rental expenses," 3,390 ", -   , -   ," 3,390.00 "," 13,560 ", -   , -   ," 13,560.00 "," 3,390.00 ", -   ," 3,390 ",,,,,
9R01/00003,RENTAL - LOT.P91,PL,expenses,expenses,Other Expenses,Rental expenses," 7,950 ", -   ," 7,950 ", -   ," 31,600 ", -   ," 31,600 ", -   ," 7,800.00 ", -   ," 7,800 ",,,,,
9R01/00004,RENTAL - LOT.C110,PL,expenses,expenses,Other Expenses,Rental expenses," 6,000 ", -   ," 6,000 ", -   ," 24,000 ", -   ," 4,000 "," 20,000.00 "," 5,900.00 ", -   ," 5,900 ",,,,,
9R01/00005,RENTAL - LOT.C109,PL,expenses,expenses,Other Expenses,Rental expenses," 6,000 ", -   ," 6,000 ", -   ," 24,000 ", -   ," 4,000 "," 20,000.00 "," 5,900.00 ", -   ," 5,900 ",,,,,
9R01/00007,RENTAL - LOT.C111,PL,expenses,expenses,Other Expenses,Rental expenses," 6,000 ", -   ," 6,000 ", -   ," 24,000 ", -   ," 4,000 "," 20,000.00 "," 5,900.00 ", -   ," 5,900 ",,,,,
9R01/00008,RENTAL - LOT.P90,PL,expenses,expenses,Other Expenses,Rental expenses," 9,000 ", -   , -   ," 9,000.00 "," 36,000 ", -   ," 3,000 "," 33,000.00 "," 9,000.00 ", -   ," 9,000 ",,,,,
9R01/00011,RENTAL - LOT.C107,PL,expenses,expenses,Other Expenses,Rental expenses," 6,000 ", -   , -   ," 6,000.00 "," 24,000 ", -   , -   ," 24,000.00 "," 5,400.00 ", -   ," 5,400 ",,,,,
9R01/00014,RENTAL - LOT.P02,PL,expenses,expenses,Other Expenses,Rental expenses," 2,100 ", -   , -   ," 2,100.00 "," 8,400 ", -   , -   ," 8,400.00 "," 2,100.00 ", -   ," 2,100 ",,,,,
9R01/00015,RENTAL - LOT.C101,PL,expenses,expenses,Other Expenses,Rental expenses," 6,000 ", -   ," 6,000 ", -   ," 24,000 ", -   ," 24,000 ", -   ," 6,000.00 ", -   ," 6,000 ",,,,,
9R01/00016,RENTAL - LOT.C108,PL,expenses,expenses,Other Expenses,Rental expenses," 6,000 ", -   , -   ," 6,000.00 "," 24,000 ", -   , -   ," 24,000.00 "," 5,400.00 ", -   ," 5,400 ",,,,,
9R01/00017,RENTAL - LOT.C102,PL,expenses,expenses,Other Expenses,Rental expenses," 5,400 ", -   , -   ," 5,400.00 "," 21,600 ", -   ," 9,000 "," 12,600.00 "," 5,400.00 ", -   ," 5,400 ",,,,,
9R02/00000,REGISTRATION/SUBCRIPTION FEE,PL,expenses,expenses,Other Expenses,Miscellaneous expenses," 17,040 ", -   , -   ," 17,040.00 "," 84,942 ", -   , -   ," 84,942.00 "," 22,708.11 ", -   ," 22,708 ",,,,,
9R04/00001,RENTAL - COPIER,PL,expenses,expenses,Other Expenses,Rental expenses, 540 , -   , -   , 540.00 ," 2,760 ", -   , -   ," 2,760.00 ", 690.00 , -   , 690 ,,,,,
9R04/00002,RENTAL - WATER FILTER,PL,expenses,expenses,Other Expenses,Rental expenses, 750 , -   , -   , 750.00 ," 3,000 ", -   , -   ," 3,000.00 ", 750.00 , -   , 750 ,,,,,
9S01/00001,STAFF'S SALARY,PL,expenses,expenses,Employee benefits expense,Salaries and wages," 6,94,617 ", -   , -   ," 6,94,617.00 "," 29,29,788 ", -   , -   ," 29,29,788.00 "," 6,63,406.99 ", -   ," 6,63,407 ",,,,,
9S01/00002,STAFF'S ALLOWANCE,PL,expenses,expenses,Employee benefits expense,Salaries and wages," 94,573 ", -   , -   ," 94,573.00 "," 3,94,343 ", -   , -   ," 3,94,343.00 "," 97,614.94 ", -   ," 97,615 ",,,,,
9S01/00005,STAFF'S COMMISSION,PL,expenses,expenses,Employee benefits expense,Salaries and wages," 23,195 ", -   , -   ," 23,195.00 "," 9,65,141 ", -   , -   ," 9,65,141.00 ", -   , -   , -   ,,,,,
9S01/00006,STAFF'S EPF,PL,expenses,expenses,Employee benefits expense,Contributions to provident and other funds," 1,02,816 ", -   , -   ," 1,02,816.00 "," 5,58,042 ", -   , -   ," 5,58,042.00 "," 98,008.00 ", -   ," 98,008 ",,,,,
9S01/00007,STAFF'S SOCSO,PL,expenses,expenses,Employee benefits expense,Contributions to provident and other funds," 10,821 ", -   , -   ," 10,821.00 "," 45,104 ", -   , -   ," 45,104.00 "," 10,268.34 ", -   ," 10,268 ",,,,,
9S01/00008,STAFF'S EIS,PL,expenses,expenses,Employee benefits expense,Contributions to provident and other funds," 1,211 ", -   , -   ," 1,211.00 "," 5,103 ", -   , -   ," 5,103.00 "," 1,152.10 ", -   ," 1,152 ",,,,,
9S01/00009,STAFF'S MEDICAL ,PL,expenses,expenses,Other Expenses,Staff welfare expenses," 2,845 ", -   , -   ," 2,845.00 "," 17,182 ", -   , -   ," 17,182.00 "," 1,294.60 ", -   ," 1,295 ",,,,,
9S01/00011,STAFF'S OUTSTATION ALLOWANCE,PL,expenses,expenses,Employee benefits expense,"Salaries, wages and bonus"," 12,417 ", -   , -   ," 12,417.00 "," 46,703 ", -   , -   ," 46,703.00 "," 6,480.00 ", -   ," 6,480 ",,,,,
9S01/00012,STAFF'S HRDF,PL,expenses,expenses,Employee benefits expense,"Salaries, wages and bonus"," 7,880 ", -   , -   ," 7,880.00 "," 31,273 ", -   , -   ," 31,273.00 "," 5,102.33 ", -   ," 5,102 ",,,,,
9S02/00000,SECRETARIAL FEE,PL,expenses,expenses,Other Expenses,Legal and professional expenses, -   , -   , -   , -   ," 3,200 ", -   , -   ," 5,360.00 ", 400.00 , -   , 400 ,,,,,
9S03/00000,STAMPING FEE,PL,expenses,expenses,Other Expenses,Printing and stationery, 342 , -   , -   , 342.00 ," 11,562 ", -   , -   ," 11,562.00 "," 1,285.00 ", -   ," 1,285 ",,,,,
9S05/00000,SUNDRY EXPENSES,PL,expenses,expenses,Other Expenses,Miscellaneous expenses," 1,842 ", -   , -   ," 1,842.00 "," 18,451 ", -   , -   ," 18,451.00 "," 2,779.76 ", -   ," 2,780 ",,,,,
9S06/00000,SERVICE TAX/CHARGES,PL,expenses,expenses,Other Expenses,Legal and professional expenses," 6,289 ", -   , -   ," 6,499.88 "," 33,681 ", -   , -   ," 34,184.48 "," 3,982.95 ", -   ," 3,983 ",,,,,
9S07/00000,STAFF REFRESHMENT,PL,expenses,expenses,Other Expenses,Staff welfare expenses," 2,019 ", -   , -   ," 2,019.00 "," 22,153 ", -   , -   ," 22,153.00 "," 4,890.28 ", -   ," 4,890 ",,,,,
9T01/00000,TRAVELLING EXPENSES,PL,expenses,expenses,Other Expenses,Travelling and conveyance," 14,227 ", -   , -   ," 14,427.00 "," 1,04,453 ", -   , -   ," 1,04,773.00 "," 10,763.98 ", -   ," 10,764 ",,,,,
9T02/00000,TOLL & PARKING,PL,expenses,expenses,Other Expenses,Travelling and conveyance," 26,035 ", -   , -   ," 26,035.00 "," 1,23,383 ", -   , -   ," 1,23,383.00 "," 1,131.24 ", -   ," 1,131 ",,,,,
9T03/00000,TELEPHONE & WIFI CHARGES,PL,expenses,expenses,Other Expenses,Telephone and internet expense," 4,098 ", -   , -   ," 4,098.00 "," 17,397 ", -   , -   ," 17,397.00 "," 3,898.57 ", -   ," 3,899 ",,,,,
9T04/00000,TENDER EXPENSES,PL,expenses,expenses,Other Expenses,Tender Expenses, 227 , -   , -   , 227.00 ," 1,934 ", -   , -   ," 1,934.00 "," 8,673.00 ", -   ," 8,673 ",,,,,
9T05/00000,TRAINING FEE/EXPENSES,PL,expenses,expenses,Other Expenses,Staff welfare expenses, -   , -   , -   , -   ," 35,149 ", -   , -   ," 35,149.00 "," 6,794.34 ", -   ," 6,794 ",,,,,
9U01/00000,UPKEEP OF MOTOR VEHICLE,PL,expenses,expenses,Other Expenses,Repair and maintenance," 1,739 ", -   , -   ," 1,739.00 "," 6,872 ", -   , -   ," 6,872.00 "," 1,514.00 ", -   ," 1,514 ",,,,,
9U02/00000,UPKEEP OF PREMISES,PL,expenses,expenses,Other Expenses,Repair and maintenance," 4,187 ", -   , -   ," 4,187.00 "," 28,908 ", -   , -   ," 28,908.00 "," 10,010.00 ", -   ," 10,010 ",,,,,
9U03/00000,UPKEEP OF OFFICE EQUIPMENT,PL,expenses,expenses,Other Expenses,Repair and maintenance, 840 , -   , -   , 840.00 ," 11,574 ", -   , -   ," 11,574.00 ", 509.92 , -   , 510 ,,,,,
9W01/00000,WATER & SEWERAGE CHARGES,PL,expenses,expenses,Other Expenses,Power and fuel," 1,061 ", -   , -   ," 1,061.00 "," 4,693 ", -   , -   ," 4,693.00 ", 972.00 , -   , 972 ,,,,,
5020/00000,DISCOUNT ALLOWED,PL,expenses,expenses,Revenue from Operations,Sale of products," 15,250 ", -   , -   ," 15,250.00 ", 684 , -   , -   , 684.00 ,, -   , -   ,,,,,
6017/00000,DISCOUNT RECEIVED,PL,expenses,expenses,Purchases of Traded Goods,Purchase of traded goods, -   , -   , -   , -   ," (26,986)", -   , -   ," -26,986.00 ",, -   , -   ,,,,,
9A01/00000,AUDIT FEE,PL,expenses,expenses,Other Expenses,Payment to auditor," 2,000 "," 7,500 ", -   ," 9,500.00 "," 30,000 "," 7,500 ", -   ," 38,400.00 ",, -   , -   ,,,,,
9B02/00001,BAD DEBTS EXPENSES,PL,expenses,expenses,Exceptional item,Impairment of financial assets, -   , -   , -   , -   ," 3,43,208 ", -   , -   ," 3,43,208.00 ",, -   , -   ,,,,,
9C02/00000,COMPANY TRIP,PL,expenses,expenses,Other Expenses,Travelling and conveyance, -   , -   , -   , -   ," 1,19,920 ", -   , -   ," 1,19,920.00 ",, -   , -   ,,,,,
9D02/00009,DIRECTOR'S OUTSTATION ALLOWANCE,PL,expenses,expenses,Employee benefits expense,"Salaries, wages and bonus", -   , -   , -   , -   ," 7,434 ", -   , -   ," 7,434.00 ",, -   , -   ,,,,,
9I03/00001,INSURANCE - PREMIS,PL,expenses,expenses,Other Expenses,Insurance claim, -   , -   , -   , -   ," 28,656 ", -   , -   ," 28,656.00 ",, -   , -   ,,,,,
9I03/00003,INSURANCE - GROUP,PL,expenses,expenses,Other Expenses,Insurance claim," 22,138 ", -   , -   ," 22,138.00 "," 21,199 ", -   , -   ," 21,199.00 ",, -   , -   ,,,,,
9P06/00000,PROFESSIONAL FEE (DEBT COLLECTOR),PL,expenses,expenses,Other Expenses,Legal and professional expenses, -   , -   , -   , -   ," 62,505 ", -   , -   ," 62,505.00 ",, -   , -   ,,,,,
9P07/00000,PROVISION FOR EXPIRED STOCK,PL,expenses,expenses,Purchases of Traded Goods,Purchase of traded goods, -   , -   , -   , -   ," 28,22,981 ", -   , -   ," 28,22,981.00 ",, -   , -   ,,,,,
9R01/00002,RENTAL - LOT.P62,PL,expenses,expenses,Other Expenses,Rental expenses, -   , -   , -   , -   ," 2,400 ", -   , -   ," 2,400.00 ",, -   , -   ,,,,,
9R01/00013,RENTAL - LOT.GC26,PL,expenses,expenses,Other Expenses,Rental expenses, -   , -   , -   , -   , 500 , -   , -   , 500.00 ,, -   , -   ,,,,,
9S01/00003,STAFF'S BONUS,PL,expenses,expenses,Employee benefits expense,Salaries and wages, -   , -   , -   , -   ," 1,55,523 ", -   , -   ," 1,55,523.00 ",, -   , -   ,,,,,
9S04/00000,SPONSORSHIP,PL,expenses,expenses,Other Expenses,Sponsorship and conference expenses, -   , -   , -   , -   , 500 , -   , -   , 500.00 ,, -   , -   ,,,,,
9T06/00000,TAX AGENT FEE,PL,expenses,expenses,Other Expenses,Legal and professional expenses, -   , -   , -   ," 1,100.00 "," 7,500 ", -   , -   ," 8,500.00 ",, -   , -   ,,,,,
5030/00000,ROUNDING CENTS ADJUSTMENT,PL,expenses,expenses,Other Expenses,Miscellaneous expenses, -   , -   , -   , -   , -   , -   , -   , -   , -0.04 , -   , (0),,,,,
7000/00002,OTHER INCOME - INTEREST FROM BANK (MBB),PL,income,income,Other Income,Interest from bank, -   , -   ," 1,04,335 "," -1,04,335.00 "," (1,69,592)", -   ," 6,85,356 "," -8,54,947.60 "," -2,64,555.35 ", -   ," (2,64,555)",,,,,
9A02/00000,ADVERTISEMENT & PROMOTION ,PL,expenses,expenses,Other Expenses,Advertising and sales promotion, -   , -   , -   , -   ," 9,409 ", -   , -   ," 9,409.00 "," 4,334.95 ", -   ," 4,335 ",,,,,
9C03/00000,CASUAL WAGES,PL,expenses,expenses,Employee benefits expense,"Salaries, wages and bonus"," 2,140 ", -   , -   ," 2,140.00 "," 6,534 ", -   , -   ," 6,534.00 "," 1,951.61 ", -   ," 1,952 ",,,,,
9C04/00001,COMMITMENT CHARGES - BG,PL,expenses,expenses,Other Expenses,Legal and professional expenses," 8,409 ", -   , -   ," 8,409.00 "," 11,517 ", -   , -   ," 11,517.00 "," 13,253.66 ", -   ," 13,254 ",,,,,
9E02/00000,EXHIBITION/WORKSHOP FEES,PL,expenses,expenses,Other Expenses,Advertising and sales promotion," 3,500 ", -   , -   ," 3,500.00 "," 51,317 ", -   , -   ," 51,317.00 "," 3,750.00 ", -   ," 3,750 ",,,,,
9I03/00002,INSURANCE - MOTOR VEHICLE,PL,expenses,expenses,Other Expenses,Insurance claim, -   , -   , -   , -   ," 3,504 ", -   , -   ," 3,504.00 "," 2,288.23 ", -   ," 2,288 ",,,,,
9P02/00000,PROFESSIONAL FEE,PL,expenses,expenses,Other Expenses,Legal and professional expenses," 3,000 ", -   , -   ," 3,000.00 "," 90,492 ", -   , -   ," 90,992.00 "," 7,900.00 ", -   ," 7,900 ",,,,,
9P04/00000,PENALTY/LATE INTEREST CHARGES,PL,expenses,expenses,Other Expenses,Penalty, -   , -   , -   , -   ," 1,544 ", -   , -   ," 1,544.00 "," 7,709.61 ", -   ," 7,710 ",,,,,
9R01/00012,RENTAL - LOT.C106,PL,expenses,expenses,Other Expenses,Rental expenses, -   , -   , -   , -   ," 16,000 ", -   , -   ," 16,000.00 "," 5,400.00 ", -   ," 5,400 ",,,,,
9R03/00000,ROAD TAX,PL,expenses,expenses,Other Expenses,Travelling and conveyance, 304 , -   , -   , 304.00 ," 1,471 ", -   , -   ," 1,471.00 ", 330.00 , -   , 330 ,,,,,
ROU ,,BS,Non Current assets,Asset,Right of use ,Right of use Cost," 2,69,429 ", -   , -   ," 2,69,429.41 "," 2,40,416 "," 1,99,805 "," 1,70,791 "," 2,69,429.41 ",," 2,40,415.66 "," 2,40,416 ",,,,,
ROU AD,,BS,Non Current assets,Asset,Right of use ,Right of use Accumulated dep," (91,863)", -   ," 30,778 "," -1,22,640.99 "," (1,85,959)"," 1,70,791 "," 76,695 "," -91,863.34 ",," -1,85,959.02 "," (1,85,959)",,,,,
LL current,Lease liability,BS,Liability,Current Liabilities,Lease Liability,Lease Liability," (1,09,172)"," 31,950 "," 1,500 "," -1,04,209.00 ",,,," -1,09,172.00 ",,,,,,,,
LL non current,Lease liability,BS,Liability,Non Current Liabilities,Lease Liability,Lease Liability," (69,677)",,," -44,190.00 "," (55,775)", -   ," 1,23,074 "," -69,677.42 ",," -55,775.07 "," (55,775)",,,,,
Int on LL,,PL,expenses,expenses,Finance cost,Interest on lease liability,," 1,500 ", -   ," 1,500.07 ",," 2,870 ", -   ," 2,869.58 ",, -   ,,,,,,
Dep on ROU,,PL,expenses,expenses,Depreciation and Amortisation Expense,Depreciation on ROU,," 30,778 ", -   ," 30,777.65 ",," 76,695 ", -   ," 76,695.35 ",,,,,,,,
9S01/00010,STAFF'S HIRING,PL,expenses,expenses,Other Expenses,Staff welfare expenses, -   , -   , -   , -   ," 10,840 ", -   , -   ," 10,840.00 "," 10,600.00 ",," 10,600 ",,,,,
D.Tax,Deferred tax charge/(credit),PL,expenses,expenses,Tax Expenses,Deferred tax charge/(credit), -   , -   ," 85,000 "," -85,000.00 ", -   , -   ," 12,27,000 "," -12,27,000.00 ", -   , -   , -   ,,,,,
E.tax,Earlier years tax adjustments (net),PL,expenses,expenses,Tax Expenses,Earlier years tax adjustments (net), -   , -   , -   , -   , -   ," 97,174 "," 1,94,428 "," -97,254.00 ", -   , -   , -   ,,,,,
Dividend paid,Dividend paid,BS,Equity,Equity,Equity,Dividend paid,,,,,,,,,,,,,,,,
Adv Supplier,Advances to suppliers,BS,Assets,Current Assets,Other current assets,Advances to suppliers,,,," 5,54,539.00 ",,,," 4,70,141.00 ",,,,,,,,
Adv Customer,Advances to suppliers,BS,Liability,Current Liabilities,Other Current Liabilities,Advance received from customer,,,," -30,33,482.00 ",,,," -35,69,341.00 ",,,,,,,,
,,,,,,,,,,,,,,,,,,,,,,
,,,,,,,,,,,,,,,,,,,,,,
,,,,,,,,,,,,,,,,,,,,,,
,,,,,,,,,,,,,,,,,,,,,,
,,,,,,,,,,,,,,,,,,,,,,
,,,,,,,,,,,," 1,99,770 ",, 2.00 ,,,,,,,,
,,,,,,,,,,,, (35),,,,,,,,,,
,,,,,,,,,,,,,," -2,57,371.00 ",,,,,,,,
,,,,,,,,,,,,,," 4,44,19,835.00 ",,,,,,,,
,,,,,,,,,,,,,,-0.58%,,,,,,,,
,,,,,,,,,,,,,,,,,,,,,,
,,,,,,,,,,,,,,,,,,,,,,
" 5,54,539 "," 4,70,141 ",,,,,,,,,," 27,58,903 "," 29,27,149 ",,,,,,,,,,
,,,,,,,,,,," (27,58,903)"," (29,27,149)",,,,,,,,,,
